{"v":"5.6.6","ip":0,"op":60,"fr":60,"w":683,"h":683,"layers":[{"ind":3730,"nm":"surface16137","ao":0,"ip":0,"op":80,"st":0,"ty":4,"ks":{"ty":"tr","o":{"k":100},"r":{"k":0},"p":{"a":0,"k":[0,0,0],"ix":2},"a":{"k":[0,0]},"s":{"k":[133.4,133.4]},"sk":{"k":0},"sa":{"k":0}},"shapes":[{"ty":"gr","hd":false,"nm":"surface16137","it":[{"ty":"gr","hd":false,"it":[{"ty":"sh","ks":{"k":{"i":[[0,0],[7.8,-4.4],[5.9,-25.2],[0.4,-145.9],[-4.4,-21.5],[-30,-8.2],[0,0],[0,0],[0,0],[-8.8,8.8],[-2.6,22.6],[1.4,14.6],[31,10],[187.7,-0.1],[7,-1.2]],"o":[[-10.6,1.8],[-20.2,11.4],[-1.4,6.3],[-0.4,172.4],[7.3,35.4],[0,0],[0,0],[0,0],[13.5,-3.6],[13.6,-13.6],[1.3,-12.2],[-3.9,-40.6],[-14.7,-4.8],[-146.1,0.1],[0,0]],"v":[[72.1,5.6],[39.6,16.5],[3.2,67.5],[1.2,237.5],[5.4,440.1],[61,505.2],[69.5,507.5],[445.5,507.5],[454,505.3],[487,487],[510,435.5],[510,87.8],[455.5,8.7],[256.61,4.1],[72.11,5.6]],"c":true}}},{"ty":"sh","ks":{"k":{"i":[[0,0],[0,0],[0,0],[0.7,0],[-0.2,105.3],[0,0],[0,0],[-0.7,0.1],[0,-105.2]],"o":[[0,0],[0,0],[-29.8,11.9],[-1,0],[0,0],[0,0],[29.7,-11.9],[0.9,0],[0,0]],"v":[[190,238.3],[190,370.6],[135.7,392.3],[80.2,414],[79.2,281.7],[79.5,149.5],[133.5,127.8],[188.8,106],[190,238.3]],"c":true}}},{"ty":"sh","ks":{"k":{"i":[[0,0],[0,0],[0,0],[0,0],[0,0],[-0.4,0.4],[-1.6,0.1],[0.2,-105.4]],"o":[[0,0],[0,0],[0,0],[0,0],[-0.1,-72.6],[1.1,-1],[1,0],[0,0]],"v":[[432.8,238.2],[432.5,370.5],[388.5,388.2],[344.5,405.8],[344.2,273.7],[344.7,140.9],[431.8,106],[432.8,238.2]],"c":true}}},{"ty":"sh","ks":{"k":{"i":[[0,0],[0,0],[0,0],[0,0],[0,0],[0,0],[-1,-0.3],[-29.6,-9.8]],"o":[[0,0],[0,0],[0,0],[0,0],[0,0],[-0.2,-106.1],[0.7,0.3],[0,0]],"v":[[268.3,131.6],[322,149.5],[322,414.8],[267.3,396.6],[212.5,378.3],[212.2,245.6],[213.2,113.2],[268.3,131.6]],"c":true}}},{"ty":"fl","o":{"k":100},"c":{"k":[0.2,0.19607843137254902,0.34509803921568627,0.34509803921568627]}},{"ty":"tr","o":{"k":100},"r":{"k":0},"p":{"k":[0,0]},"a":{"k":[0,0]},"s":{"k":[100,100]},"sk":{"k":0},"sa":{"k":0},"hd":false}]},{"ty":"tr","o":{"k":100},"r":{"k":0},"p":{"k":[0,0]},"a":{"k":[0,0]},"s":{"k":[100,100]},"sk":{"k":0},"sa":{"k":0},"hd":false}]},{"ty":"tm","s":{"a":0,"k":0,"ix":1},"e":{"a":1,"k":[{"i":{"x":[0.35],"y":[1]},"o":{"x":[0.17],"y":[0.17]},"t":0,"s":[25]},{"t":55,"s":[100]}],"ix":2},"o":{"a":0,"k":0,"ix":3},"m":1,"ix":2,"nm":"Trim Paths 1","mn":"ADBE Vector Filter - Trim","hd":false}]}],"meta":{"g":"LF SVG to Lottie"}}